"","Y.Position","Colours"
"1",1729,"#76A929"
"2",1024,"#E2E1F9"
"3",78,"#DAB3C3"
"4",517,"#947BE7"
"5",749,"#AF34C7"
"6",483,"#E9ECF9"
"7",2536,"#D9BB74"
"8",572,"#CEA9C7"
"9",1814,"#E9B9DC"
"10",811,"#3D80E9"
"11",296,"#C8BFDC"
"12",1759,"#CE2178"
"13",565,"#A5A2F4"
"14",2275,"#208CDC"
"15",1047,"#E699D8"
"16",1668,"#EA5FEF"
"17",658,"#F36475"
"18",2349,"#3D80E9"
"19",717,"#BDA616"
"20",1593,"#5A6CE5"
"21",1549,"#C6DD49"
"22",2321,"#80747B"
"23",858,"#EE3296"
"24",911,"#C08736"
"25",594,"#77E5C1"
"26",2225,"#6392B2"
"27",393,"#CD90D2"
"28",1775,"#56AE2E"
"29",1625,"#BFD070"
"30",131,"#DFFAD3"
"31",1789,"#5A6CE5"
"32",1103,"#4A8E45"
"33",608,"#806B9C"
"34",2338,"#53AEEC"
"35",2541,"#C2CDC0"
"36",271,"#A4D842"
"37",1673,"#A0FB3D"
"38",1009,"#8364F2"
"39",1811,"#AF34C7"
"40",216,"#959EC4"
"41",2543,"#B3A1D7"
"42",450,"#D19AAC"
"43",922,"#39F9F1"
"44",155,"#58E1E7"
"45",1627,"#DCF776"
"46",1762,"#DBBDDC"
"47",2460,"#D3BA18"
"48",1905,"#3344DB"
"49",2076,"#FC24FE"
"50",2409,"#F15215"
"51",636,"#DCF776"
"52",1953,"#77E5C1"
"53",1201,"#B1F44E"
"54",900,"#3FD4B8"
"55",1188,"#EE3296"
"56",1027,"#A4A3BF"
"57",2197,"#544BA8"
"58",430,"#29A0B8"
"59",641,"#C4C990"
"60",1382,"#9BF6BF"
"61",1315,"#95D283"
"62",2436,"#D1C06E"
"63",2201,"#B84DA5"
"64",977,"#E6EB8A"
"65",2221,"#D19E70"
"66",1162,"#CDD4E7"
"67",1351,"#F4283F"
"68",204,"#73D2F1"
"69",1246,"#A35DF6"
"70",681,"#F7A464"
"71",65,"#FDA6B0"
"72",2515,"#2860A1"
"73",375,"#5A6CE5"
"74",1722,"#EED6CE"
"75",627,"#A8EAF7"
"76",1086,"#77BCF6"
"77",2414,"#4E64F0"
"78",2232,"#E7D9CA"
"79",793,"#B3BD27"
"80",2564,"#E1557A"
"81",1200,"#4BA2D1"
"82",1331,"#F0EDCC"
"83",151,"#856C8D"
"84",2259,"#F688D0"
"85",1181,"#E970D9"
"86",2530,"#89BEF2"
"87",990,"#DDD2DE"
"88",2116,"#F36475"
"89",623,"#3FD4B8"
"90",2312,"#C76785"
"91",702,"#EBED74"
"92",2603,"#BBDAF9"
"93",2023,"#7EC93F"
"94",1122,"#C0F2B8"
"95",2573,"#D55A39"
"96",744,"#9660D9"
"97",1771,"#4A8E45"
"98",470,"#F4283F"
"99",1222,"#EB2B6B"
"100",1513,"#9DE2B5"
"101",2297,"#7B9BE6"
"102",1275,"#F4283F"
"103",1910,"#9AF2E7"
"104",561,"#F794EF"
"105",456,"#E699D8"
"106",412,"#6DB9E0"
"107",340,"#E8CF88"
"108",2434,"#D6C689"
"109",595,"#83A3B5"
"110",1714,"#76E9D7"
"111",1440,"#D899C0"
"112",1163,"#D19E70"
"113",138,"#D899C0"
"114",1536,"#886B56"
"115",941,"#D0EF9B"
"116",1017,"#CDD4E7"
"117",568,"#CBF1D4"
"118",1180,"#D55A39"
"119",815,"#ECD4B0"
"120",385,"#E9ECF9"
"121",526,"#48727F"
"122",766,"#73D2F1"
"123",1930,"#EBFAD4"
"124",2294,"#2F9AD9"
"125",1204,"#F787BC"
"126",511,"#CD90D2"
"127",189,"#4A8E45"
"128",2227,"#D215A4"
"129",2500,"#73D2F1"
"130",1628,"#EB2B6B"
"131",784,"#E5EDA6"
"132",2026,"#C043F8"
"133",2330,"#E3F495"
"134",2481,"#C86AF3"
"135",843,"#D9ACF4"
"136",1377,"#FC24FE"
"137",1626,"#97DDF1"
"138",1385,"#886B56"
"139",810,"#53AEEC"
"140",2395,"#B7EE98"
"141",315,"#EAC886"
"142",1404,"#8364F2"
"143",752,"#A2A4B5"
"144",1851,"#4BCBC8"
"145",101,"#4E85CB"
"146",2210,"#ED7DD7"
"147",1012,"#C043F8"
"148",841,"#F241AF"
"149",160,"#EDC443"
"150",396,"#82B690"
"151",1412,"#EDCCBE"
"152",132,"#A7F9B2"
"153",217,"#B8C4F9"
"154",1295,"#D6B4E7"
"155",1545,"#AAC8FC"
"156",939,"#DD3FAE"
"157",261,"#E7D9CA"
"158",1393,"#C86AF3"
"159",2374,"#86C4DD"
"160",645,"#7D4281"
"161",30,"#D561AB"
"162",626,"#A692AD"
"163",676,"#ECDFAE"
"164",2359,"#A5A2F4"
"165",588,"#B3CFBF"
"166",2400,"#9289E9"
"167",399,"#BB9EDC"
"168",1686,"#70E3DC"
"169",1943,"#E699D8"
"170",1885,"#D19E70"
"171",503,"#FABDE1"
"172",576,"#C0ACC3"
"173",1396,"#34BD3C"
"174",1708,"#BB95C1"
"175",278,"#6392B2"
"176",66,"#AF34C7"
"177",481,"#6FD1E5"
"178",2569,"#F0A6D4"
"179",196,"#9AF2E7"
"180",1470,"#82B690"
"181",563,"#FCB89B"
"182",1001,"#E5969B"
"183",1430,"#920BDF"
"184",2069,"#DEE896"
"185",2011,"#B232AC"
"186",1622,"#DFA8A2"
"187",9,"#E2E1F9"
"188",578,"#E3B7A0"
"189",1882,"#856C8D"
"190",2032,"#D5CC42"
"191",135,"#F9CFF6"
"192",2063,"#BDF3E6"
"193",761,"#E9B9DC"
"194",2373,"#6AAA3C"
"195",2371,"#A438EA"
"196",1818,"#91BEBE"
"197",97,"#6EB3BA"
"198",1248,"#D19E70"
"199",1907,"#D1A9B0"
"200",1087,"#B87BF0"
"201",176,"#B38DDF"
"202",1568,"#CD90D2"
"203",1678,"#F0E9A5"
"204",2226,"#38F767"
"205",1463,"#C6DE9F"
"206",1779,"#D0EF9B"
"207",2161,"#FABDE1"
"208",1770,"#8364F2"
"209",1989,"#D5CC42"
"210",1030,"#BB998F"
"211",5,"#E6EB8A"
"212",2411,"#4FBBEF"
"213",199,"#F0A6D4"
"214",2293,"#B87BF0"
"215",541,"#D863F8"
"216",1349,"#21D022"
"217",852,"#959890"
"218",989,"#7584C1"
"219",439,"#F8CB6F"
"220",2419,"#73A591"
"221",1000,"#A8F97E"
"222",2459,"#B7EE98"
"223",1477,"#A7F9B2"
"224",397,"#33B214"
"225",2465,"#A0FB3D"
"226",1471,"#8408C6"
"227",1486,"#CF19F4"
"228",2340,"#FCB6CB"
"229",276,"#E6DC7C"
"230",1952,"#51FA59"
"231",703,"#DEEEF6"
"232",827,"#A4E7E4"
"233",2101,"#D1A9B0"
"234",1323,"#A2A7F1"
"235",1815,"#EDA7FD"
"236",1983,"#B1F44E"
"237",1713,"#CAF7CC"
"238",831,"#D9BB74"
"239",931,"#F6981E"
"240",193,"#3C3AFD"
"241",2473,"#509299"
"242",1111,"#BB95C1"
"243",1792,"#CAA5F8"
"244",2206,"#6D96DD"
"245",469,"#ADCDF7"
"246",1517,"#759BCB"
"247",236,"#A8F97E"
"248",1777,"#5EB9D7"
"249",227,"#F8EFE7"
"250",590,"#6CAEE0"
"251",723,"#A4B3ED"
"252",1837,"#3FEEAD"
"253",2241,"#D55A39"
"254",2475,"#C76785"
"255",2441,"#A692AD"
"256",1998,"#DEEEF6"
"257",33,"#A5D0F0"
"258",114,"#F6E496"
"259",402,"#DDD2DE"
"260",2483,"#ED64BF"
"261",2517,"#E3B09A"
"262",186,"#F794EF"
"263",1149,"#A4DBBA"
"264",799,"#B3CFBF"
"265",2080,"#D2B9F9"
"266",2081,"#B7D0DE"
"267",2231,"#767BD8"
"268",1049,"#2860A1"
"269",324,"#B7EE98"
"270",2599,"#86C4DD"
"271",781,"#ED64BF"
"272",1267,"#8DF9FA"
"273",482,"#701E9F"
"274",2529,"#D449A2"
"275",31,"#F1AFB8"
"276",860,"#BFC8CF"
"277",431,"#D7D17B"
"278",1693,"#C6F5AB"
"279",1269,"#DFA8A2"
"280",125,"#C6DE9F"
"281",438,"#81ED33"
"282",2403,"#DAAD6C"
"283",1511,"#A373A1"
"284",1460,"#CDDEAD"
"285",1920,"#EED6CE"
"286",508,"#7C345C"
"287",2198,"#CAA5F8"
"288",1300,"#DFF9E9"
"289",2351,"#F6FCE9"
"290",1040,"#5EB9D7"
"291",1604,"#A47044"
"292",736,"#A4E7E4"
"293",423,"#4BCBC8"
"294",539,"#91BEBE"
"295",2282,"#B232AC"
"296",2176,"#D9ACF4"
"297",1155,"#B7D0DE"
"298",634,"#A692AD"
"299",235,"#E0C8DA"
"300",2121,"#B0CB86"
"301",1337,"#ADCDF7"
"302",192,"#66DDF8"
"303",790,"#4D44BA"
"304",1908,"#97DDF1"
"305",1664,"#CDE9FB"
"306",1107,"#8364F2"
"307",720,"#D449A2"
"308",906,"#48727F"
"309",905,"#EED6CE"
"310",2364,"#F85BA2"
"311",1376,"#F6D7A3"
"312",538,"#2FDBF2"
"313",1360,"#F17D9B"
"314",1934,"#CE2178"
"315",2498,"#ECD266"
"316",1889,"#F8CB6F"
"317",839,"#B72B85"
"318",1318,"#ABF317"
"319",1803,"#81DDDB"
"320",1308,"#FBE93E"
"321",2333,"#6F76BF"
"322",237,"#F6E1C8"
"323",633,"#9DE2B5"
"324",1774,"#E6DC7C"
"325",2533,"#56ECFB"
"326",1338,"#86C4DD"
"327",1185,"#89BEF2"
"328",1119,"#B384C7"
"329",2537,"#F0C0C5"
"330",792,"#BAFCFA"
"331",820,"#7FA8A5"
"332",1304,"#9289E9"
"333",1572,"#C7D256"
"334",929,"#ADCDF7"
"335",1878,"#D9BB74"
"336",531,"#80747B"
"337",90,"#CCCE83"
"338",2547,"#D2B9F9"
"339",559,"#ED8B9B"
"340",983,"#58E1E7"
"341",111,"#CC57C4"
"342",2549,"#64F5E9"
"343",2432,"#B3A1D7"
"344",496,"#ED98FA"
"345",2508,"#F6E496"
"346",586,"#FC24FE"
"347",2305,"#6EEB9B"
"348",917,"#9490F9"
"349",1524,"#D6C689"
"350",982,"#8364F2"
"351",1895,"#E6DC7C"
"352",1436,"#29A0B8"
"353",2593,"#BBDAF9"
"354",2523,"#D0EF9B"
"355",1211,"#59ADF8"
"356",1136,"#7EC93F"
"357",364,"#C4C990"
"358",1416,"#EED6CE"
"359",73,"#DEE896"
"360",897,"#49C194"
"361",2339,"#C6B898"
"362",2170,"#E3B7A0"
"363",1448,"#F3BAFB"
"364",2071,"#95FCDF"
"365",2185,"#E8CF88"
"366",1199,"#F4283F"
"367",640,"#ECBCD6"
"368",547,"#34BD3C"
"369",381,"#509299"
"370",1379,"#D6CF9D"
"371",2200,"#E5F9DF"
"372",716,"#CDEEEF"
"373",945,"#EFF038"
"374",919,"#91BEBE"
"375",1956,"#52653C"
"376",560,"#EED6CE"
"377",2272,"#E6EB8A"
"378",39,"#ED64BF"
"379",617,"#B75D98"
"380",2574,"#B2F6C4"
"381",2120,"#DEE896"
"382",1784,"#F688D0"
"383",657,"#DEE896"
"384",2295,"#544BA8"
"385",804,"#BDA616"
"386",1748,"#AA635D"
"387",513,"#C3EF31"
"388",1357,"#992F24"
"389",637,"#ACBAA2"
"390",2258,"#959EC4"
"391",800,"#3DDBAA"
"392",145,"#B7D0DE"
"393",1078,"#F9AB56"
"394",201,"#CE2178"
"395",1744,"#67F3DB"
"396",2452,"#D2A083"
"397",301,"#EAC886"
"398",1250,"#FDA6B0"
"399",2311,"#BDB2AC"
"400",930,"#73D593"
"401",1143,"#3C3AFD"
"402",1648,"#6AAA3C"
"403",1975,"#9EB5E3"
"404",802,"#D5CC42"
"405",779,"#A4E7E4"
"406",2261,"#F794EF"
"407",550,"#3C3AFD"
"408",672,"#46F2A1"
"409",1800,"#38F767"
"410",587,"#A4B3ED"
"411",2022,"#A6E523"
"412",771,"#DEE896"
"413",751,"#4A8E45"
"414",1705,"#947BE7"
"415",2363,"#85E4B2"
"416",187,"#EA5FEF"
"417",826,"#DEA5DD"
"418",1720,"#D118E0"
"419",2033,"#79DAE8"
"420",208,"#ECD266"
"421",334,"#E8CF88"
"422",1964,"#FBE93E"
"423",1205,"#7CE073"
"424",1004,"#EDF93D"
"425",429,"#EFDE61"
"426",104,"#C58C14"
"427",687,"#A0FB3D"
"428",433,"#E7A26F"
"429",2083,"#ABF317"
"430",501,"#53F48E"
"431",2413,"#C6B8EF"
"432",1433,"#CAA5F8"
"433",494,"#4A8E45"
"434",973,"#A8F97E"
"435",2045,"#D449A2"
"436",967,"#A4D842"
"437",190,"#D2A083"
"438",1658,"#71856E"
"439",1105,"#A8CCCE"
"440",1679,"#F1EC9B"
"441",1652,"#C2CDC0"
"442",992,"#F0EDCC"
"443",1461,"#D2F457"
"444",2194,"#D22C92"
"445",632,"#EB2FD3"
"446",1123,"#EB8AC0"
"447",866,"#FBE93E"
"448",411,"#F7A464"
"449",1093,"#49C194"
"450",904,"#E5E6CE"
"451",2367,"#D6B4E7"
"452",842,"#D2F457"
"453",288,"#A692AD"
"454",1060,"#20E5F6"
"455",2104,"#EAC886"
"456",1384,"#58E1E7"
"457",1400,"#8408C6"
"458",2524,"#A8F97E"
"459",1273,"#A6F2D5"
"460",1373,"#64F5E9"
"461",2318,"#BDC3BB"
"462",461,"#F855DF"
"463",1833,"#A3A3DB"
"464",45,"#C76785"
"465",1132,"#76E9D7"
"466",99,"#FDBAB1"
"467",425,"#4FE9D9"
"468",1566,"#6FD1E5"
"469",2454,"#759BCB"
"470",473,"#C6DD49"
"471",1450,"#33B214"
"472",1281,"#9AF2E7"
"473",491,"#C81F30"
"474",1220,"#B310C6"
"475",1699,"#A2A4B5"
"476",44,"#C86AF3"
"477",739,"#ED98FA"
"478",2057,"#49C194"
"479",2561,"#38BCE7"
"480",1806,"#8DE6F6"
"481",733,"#5EF02E"
"482",1776,"#73A591"
"483",1309,"#A2A7F1"
"484",2519,"#E7A26F"
"485",649,"#B5A672"
"486",1639,"#6FD1E5"
"487",1413,"#EDA7FD"
"488",614,"#ED7DD7"
"489",663,"#701E9F"
"490",62,"#C86AF3"
"491",1358,"#ED64BF"
"492",1981,"#08FBDB"
"493",253,"#ED98FA"
"494",712,"#8C4E9C"
"495",1960,"#52653C"
"496",874,"#D6B4E7"
"497",836,"#3D80E9"
"498",536,"#A8CCCE"
"499",1601,"#A9BEDC"
"500",92,"#E5E5E8"
"501",2138,"#B7D0DE"
"502",965,"#8DC9B7"
"503",2468,"#9BA477"
"504",926,"#74F94F"
"505",592,"#7CE073"
"506",1706,"#B8C4F9"
"507",2458,"#86C4DD"
"508",2179,"#AA635D"
"509",1415,"#785AF6"
"510",1124,"#A38A6E"
"511",14,"#E3F495"
"512",275,"#ED8B9B"
"513",346,"#DEA5DD"
"514",2534,"#D8D5FB"
"515",670,"#FDBAB1"
"516",1234,"#F2DEA2"
"517",1175,"#F688D0"
"518",2132,"#A3B0AB"
"519",182,"#E4B866"
"520",144,"#3344DB"
"521",262,"#DFF9E9"
"522",620,"#920BDF"
"523",1527,"#A3AFD9"
"524",1221,"#73AED9"
"525",726,"#DAC0A3"
"526",1758,"#CDEAC7"
"527",2048,"#7B9BE6"
"528",1251,"#D6887B"
"529",26,"#7D4281"
"530",374,"#6CAEE0"
"531",335,"#F241AF"
"532",2215,"#F1EC9B"
"533",1170,"#FCB89B"
"534",970,"#8C4E9C"
"535",1766,"#4D44BA"
"536",1397,"#C0F3D0"
"537",1911,"#9DE2B5"
"538",2136,"#D645DE"
"539",392,"#96A4E2"
"540",1979,"#D9ACF4"
"541",566,"#EED07E"
"542",1135,"#B8C4F9"
"543",2010,"#CEA9C7"
"544",574,"#38BCE7"
"545",2448,"#E3B7A0"
"546",1672,"#EFF1BF"
"547",1153,"#F6BCBB"
"548",2051,"#39F9F1"
"549",331,"#B7D0DE"
"550",1347,"#D6C689"
"551",1831,"#E2F8F7"
"552",601,"#38BCE7"
"553",2273,"#A4D842"
"554",692,"#958CBC"
"555",2154,"#9660D9"
"556",758,"#4D44BA"
"557",885,"#B3A1D7"
"558",314,"#73A591"
"559",1886,"#DFFAD3"
"560",2094,"#701E9F"
"561",954,"#C2CDC0"
"562",795,"#F855DF"
"563",420,"#C2CDC0"
"564",1616,"#4E64F0"
"565",1075,"#785AF6"
"566",1817,"#52653C"
"567",1528,"#E7D9CA"
"568",2139,"#A373A1"
"569",2035,"#E64256"
"570",669,"#CF19F4"
"571",2058,"#D2F457"
"572",1091,"#947BE7"
"573",896,"#B72B85"
"574",619,"#E307F9"
"575",1654,"#9FE880"
"576",1164,"#B1BA92"
"577",1519,"#C6DD49"
"578",2553,"#DD8562"
"579",140,"#8DED61"
"580",102,"#8408C6"
"581",1113,"#8408C6"
"582",2382,"#F7C080"
"583",1059,"#D6CF9D"
"584",1548,"#D2F457"
"585",880,"#C695CA"
"586",794,"#B1BA92"
"587",1224,"#B4CB9E"
"588",951,"#D6887B"
"589",2590,"#F85BA2"
"590",2162,"#A8CCCE"
"591",214,"#D645DE"
"592",1467,"#BDC3BB"
"593",1129,"#F1AFB8"
"594",1657,"#F8EFE7"
"595",891,"#52653C"
"596",1144,"#8408C6"
"597",872,"#B589FC"
"598",1669,"#CF19F4"
"599",1650,"#4EB764"
"600",1676,"#8AF985"
"601",293,"#F6981E"
"602",1354,"#FACDAE"
"603",2280,"#D215A4"
"604",697,"#D6B4E7"
"605",2047,"#A6F2D5"
"606",1756,"#D449A2"
"607",465,"#E5E5E8"
"608",1002,"#ECD4B0"
"609",1053,"#F241AF"
"610",647,"#E6A3BD"
"611",1411,"#A8EAF7"
"612",1799,"#C86AF3"
"613",446,"#7CCAF5"
"614",1813,"#8DE6F6"
"615",1473,"#B7D0DE"
"616",2315,"#ECD4B0"
"617",1583,"#4A8E45"
"618",1725,"#CDE9FB"
"619",310,"#4BCBC8"
"620",2327,"#C6B8EF"
"621",1743,"#D5B9AB"
"622",835,"#7B9BE6"
"623",137,"#A692AD"
"624",721,"#B9DCDB"
"625",859,"#B84DA5"
"626",935,"#DAAD6C"
"627",1003,"#F0E955"
"628",1832,"#BD8FAB"
"629",363,"#3DDBAA"
"630",1808,"#ACBAA2"
"631",2478,"#F8EFE7"
"632",504,"#F3BAFB"
"633",2446,"#FAEAF7"
"634",1866,"#DFF9E9"
"635",1670,"#4E64F0"
"636",1084,"#58E1E7"
"637",682,"#D7F1AF"
"638",728,"#6DB9E0"
"639",966,"#B9DCDB"
"640",2145,"#E4C7F8"
"641",1641,"#70B3FE"
"642",1061,"#A920D6"
"643",1855,"#95FCDF"
"644",2008,"#A2A4B5"
"645",82,"#B310C6"
"646",1995,"#D3BA18"
"647",1462,"#CD90D2"
"648",961,"#BD8FAB"
"649",505,"#B06CD1"
"650",1099,"#7CE073"
"651",1563,"#A5D0F0"
"652",295,"#C6F5AB"
"653",944,"#2C4F73"
"654",1607,"#F15215"
"655",2073,"#7EC93F"
"656",1184,"#D863F8"
"657",1537,"#E2FAB0"
"658",666,"#9DE2B5"
"659",857,"#33B214"
"660",2598,"#33B214"
"661",1854,"#FCB6CB"
"662",993,"#EBFAD4"
"663",1558,"#A18E4A"
"664",383,"#A38A6E"
"665",1533,"#F17D9B"
"666",225,"#A47044"
"667",558,"#F8CB6F"
"668",798,"#E9B9DC"
"669",2095,"#DEA5DD"
"670",2308,"#81ED33"
"671",2056,"#D5B9AB"
"672",1006,"#E4B866"
"673",959,"#E5E6CE"
"674",2386,"#73F2CE"
"675",434,"#A7F9B2"
"676",1924,"#BD8FAB"
"677",564,"#7D7A91"
"678",1661,"#EA5FEF"
"679",244,"#F38BF1"
"680",1215,"#A5A2F4"
"681",569,"#EBED74"
"682",1218,"#3F87A4"
"683",1383,"#6D8BF3"
"684",775,"#958CBC"
"685",1468,"#B75D98"
"686",1231,"#EB2FD3"
"687",1581,"#D88BE0"
"688",2270,"#B310C6"
"689",878,"#F8E17F"
"690",1592,"#F6FCE9"
"691",1233,"#D7D17B"
"692",360,"#947BE7"
"693",1610,"#2C4F73"
"694",2039,"#DFFAD3"
"695",2345,"#D3DC37"
"696",328,"#CDEEEF"
"697",1662,"#5EB2C7"
"698",1036,"#D645DE"
"699",2043,"#C8BFDC"
"700",1834,"#EFF038"
"701",2214,"#8BBC79"
"702",79,"#8BB0F3"
"703",251,"#F08A3A"
"704",1687,"#36CF39"
"705",2417,"#CE8E6E"
"706",2018,"#BE867F"
"707",1802,"#4BA2D1"
"708",1704,"#6EEB9B"
"709",2240,"#EB2B6B"
"710",1887,"#5FA2EF"
"711",2127,"#68F6CE"
"712",2203,"#96E8A1"
"713",2029,"#CD90D2"
"714",103,"#21D022"
"715",2447,"#7D7A91"
"716",1490,"#4A8E45"
"717",1897,"#ED98FA"
"718",1896,"#C86AF3"
"719",1807,"#7CCAF5"
"720",2287,"#2ED1F2"
"721",351,"#D22C92"
"722",953,"#F6FCE9"
"723",2290,"#9289E9"
"724",427,"#73A591"
"725",1262,"#4EF1F6"
"726",2577,"#C650CA"
"727",2097,"#D8F4C3"
"728",888,"#C3D5F0"
"729",1409,"#2F9AD9"
"730",540,"#33E5E2"
"731",2526,"#C4D7B5"
"732",616,"#E8CF88"
"733",437,"#D8D5FB"
"734",2381,"#6392B2"
"735",2604,"#96EFF3"
"736",1010,"#BB998F"
"737",2189,"#7DF8F4"
"738",1580,"#2CE2CE"
"739",2237,"#D5CC42"
"740",1239,"#A0FB3D"
"741",611,"#49C194"
"742",406,"#46F2A1"
"743",2133,"#C2CDC0"
"744",106,"#58E1E7"
"745",1633,"#7DF8F4"
"746",269,"#0919A7"
"747",1946,"#F17D9B"
"748",2486,"#ECD4B0"
"749",211,"#E2E6AD"
"750",1871,"#DAC0A3"
"751",230,"#7D13F7"
"752",1466,"#90D4E0"
"753",1165,"#FCB89B"
"754",624,"#EDCCBE"
"755",294,"#C8C3AD"
"756",1619,"#2860A1"
"757",1216,"#37286B"
"758",667,"#29A0B8"
"759",1510,"#C8C3AD"
"760",1812,"#EA6D66"
"761",889,"#AC84E4"
"762",533,"#A2A4B5"
"763",1585,"#3197FB"
"764",2301,"#EA5FEF"
"765",1864,"#7B9BE6"
"766",1192,"#A4B3ED"
"767",1081,"#8C4E9C"
"768",1072,"#2F9AD9"
"769",239,"#47EFBB"
"770",821,"#F7C080"
"771",2393,"#71EBB0"
"772",527,"#38F767"
"773",1709,"#A4E7E4"
"774",2249,"#B8C4F9"
"775",1316,"#BDB2AC"
"776",1431,"#DFF9E9"
"777",2385,"#89BEF2"
"778",2152,"#88ACCE"
"779",865,"#6EEB9B"
"780",678,"#C0ACC3"
"781",1089,"#F1EC9B"
"782",1482,"#299170"
"783",2086,"#B06CD1"
"784",1987,"#DFFAD3"
"785",2309,"#575182"
"786",2532,"#C0F3D0"
"787",488,"#BD484B"
"788",1244,"#75CDAA"
"789",444,"#CDE9FB"
"790",2380,"#E2F8F7"
"791",1364,"#A6B161"
"792",179,"#4E85CB"
"793",1125,"#A438EA"
"794",1574,"#A346BC"
"795",947,"#FC24FE"
"796",2563,"#E8CF88"
"797",832,"#767BD8"
"798",1493,"#E642F7"
"799",1888,"#575182"
"800",915,"#F4283F"
"801",2570,"#D7D17B"
"802",267,"#9FD16A"
"803",2511,"#CE2178"
"804",618,"#E8CF88"
"805",2355,"#81DDDB"
"806",1750,"#C650CA"
"807",803,"#D863F8"
"808",2456,"#D15D97"
"809",2595,"#A4E7E4"
"810",404,"#6DB9E0"
"811",367,"#C7D256"
"812",724,"#5FA2EF"
"813",1209,"#71EBB0"
"814",1137,"#D1C06E"
"815",347,"#A35DF6"
"816",1131,"#D55A39"
"817",7,"#F241AF"
"818",1504,"#F38BF1"
"819",2337,"#9B93D6"
"820",479,"#C695CA"
"821",2332,"#E642F7"
"822",2466,"#8DC9B7"
"823",2090,"#85E4B2"
"824",249,"#A8EAF7"
"825",1161,"#EFF1BF"
"826",1235,"#73AED9"
"827",1608,"#2860A1"
"828",156,"#A9BEDC"
"829",498,"#80747B"
"830",266,"#DEEEF6"
"831",1796,"#95FCDF"
"832",1732,"#F6BCBB"
"833",507,"#E6DC7C"
"834",2499,"#CDDEAD"
"835",1363,"#2860A1"
"836",2034,"#FCB89B"
"837",1820,"#F85BA2"
"838",963,"#7EC93F"
"839",2055,"#EB4BC1"
"840",1324,"#7FA8A5"
"841",1252,"#38F767"
"842",2487,"#D55A39"
"843",1130,"#947BE7"
"844",1286,"#DAB3C3"
"845",83,"#575182"
"846",2186,"#6EB3BA"
"847",1786,"#6DB9E0"
"848",2491,"#BDF3E6"
"849",1240,"#EB8153"
"850",1343,"#73F2CE"
"851",1663,"#88ACCE"
"852",1575,"#947BE7"
"853",1179,"#DEA5DD"
"854",63,"#B7EE98"
"855",1108,"#C373B7"
"856",1302,"#0919A7"
"857",2347,"#FBE93E"
"858",1394,"#CA9C4F"
"859",13,"#A4E7E4"
"860",2277,"#E2F8F7"
"861",1901,"#1CA8ED"
"862",11,"#73A591"
"863",659,"#F688D0"
"864",221,"#C6B6C3"
"865",743,"#75EC6C"
"866",2082,"#CE2178"
"867",2539,"#7CCAF5"
"868",2195,"#A7F9B2"
"869",1691,"#F2A8F0"
"870",1531,"#B38DDF"
"871",1138,"#D6C689"
"872",195,"#C4D9D5"
"873",2099,"#96EFF3"
"874",2191,"#F17D9B"
"875",2064,"#D863F8"
"876",2084,"#8DE6F6"
"877",487,"#C4C990"
"878",6,"#E2F8F7"
"879",1247,"#BD484B"
"880",2004,"#33B214"
"881",615,"#D3BA18"
"882",2430,"#CDD4E7"
"883",2554,"#8DE6F6"
"884",1730,"#73A591"
"885",1769,"#D88BE0"
"886",1945,"#FDBAB1"
"887",2496,"#EFBF54"
"888",1019,"#DEEEF6"
"889",1643,"#A5D0F0"
"890",2036,"#B1F44E"
"891",1106,"#B9A85D"
"892",2505,"#575182"
"893",1189,"#A6CC75"
"894",484,"#FA3887"
"895",2222,"#6392B2"
"896",318,"#F36475"
"897",1260,"#E3B09A"
"898",2164,"#A4B3ED"
"899",2177,"#D0EF9B"
"900",2575,"#EDA7FD"
"901",764,"#7BEDF9"
"902",2002,"#ACBAA2"
"903",2066,"#5EF02E"
"904",16,"#B72B85"
"905",2586,"#E5E5E8"
"906",1374,"#FB4BF6"
"907",1902,"#B5A672"
"908",2474,"#FC24FE"
"909",1469,"#959EC4"
"910",1334,"#B0E0F4"
"911",2196,"#FACDAE"
"912",68,"#B3CFBF"
"913",34,"#E307F9"
"914",18,"#3DDBAA"
"915",1401,"#29A0B8"
"916",326,"#39F9F1"
"917",1190,"#AF34C7"
"918",54,"#DFA8A2"
"919",2252,"#A5D0F0"
"920",797,"#E642F7"
"921",556,"#08FBDB"
"922",2016,"#7EC93F"
"923",908,"#66DDF8"
"924",2396,"#C58C14"
"925",1362,"#BDC3BB"
"926",1127,"#75EC6C"
"927",524,"#EB8AC0"
"928",112,"#D0EF9B"
"929",440,"#2860A1"
"930",272,"#EE8684"
"931",154,"#A373A1"
"932",2110,"#A47044"
"933",1117,"#21D022"
"934",2111,"#33E5E2"
"935",2129,"#D7F1AF"
"936",1159,"#ECD4B0"
"937",2049,"#D5CC42"
"938",1868,"#A47044"
"939",2329,"#C4C990"
"940",2480,"#E7D9CA"
"941",50,"#CBF1D4"
"942",1967,"#46F2A1"
"943",1994,"#FCB6CB"
"944",1386,"#8BBC79"
"945",1778,"#F56ADA"
"946",971,"#2860A1"
"947",2353,"#6EB3BA"
"948",2540,"#A2A4B5"
"949",1278,"#7D4281"
"950",2471,"#208CDC"
"951",2106,"#A18E4A"
"952",1873,"#BE867F"
"953",1310,"#F85BA2"
"954",1914,"#BDB2AC"
"955",401,"#8C4E9C"
"956",600,"#FCB6CB"
"957",1980,"#D5CC42"
"958",77,"#8DC9B7"
"959",1546,"#B9A85D"
"960",1559,"#F2A8F0"
"961",1569,"#5EB9D7"
"962",2190,"#5FA2EF"
"963",3,"#8DA285"
"964",2219,"#D6C689"
"965",426,"#CCCE83"
"966",2560,"#F4D03A"
"967",1522,"#F15215"
"968",980,"#4E85CB"
"969",925,"#B3CFBF"
"970",1249,"#7CCAF5"
"971",169,"#C6F5AB"
"972",2520,"#37286B"
"973",86,"#AA635D"
"974",1647,"#ACBAA2"
"975",677,"#7EC93F"
"976",1503,"#3C3AFD"
"977",1402,"#7BEDF9"
"978",1245,"#BB998F"
"979",95,"#E0C8DA"
"980",1375,"#6DB9E0"
"981",2128,"#D118E0"
"982",2592,"#3FD4B8"
"983",2489,"#76E9D7"
"984",2220,"#B310C6"
"985",1037,"#F9AB56"
"986",1937,"#4FE9D9"
"987",1476,"#A06682"
"988",260,"#F6CBC8"
"989",1435,"#7C345C"
"990",2372,"#A3B0AB"
"991",2124,"#F2DEA2"
"992",207,"#38F767"
"993",567,"#A4DBBA"
"994",976,"#77E5C1"
"995",89,"#C650CA"
"996",2267,"#80747B"
"997",1554,"#EDA7FD"
"998",2254,"#D449A2"
"999",755,"#3CD46D"
"1000",1095,"#F3D9F5"
"1001",2245,"#E0C8DA"
"1002",337,"#F688D0"
"1003",1197,"#7FA8A5"
"1004",1844,"#F241AF"
"1005",290,"#B75D98"
"1006",489,"#A920D6"
"1007",873,"#B232AC"
"1008",1062,"#A8CCCE"
"1009",2328,"#CE2178"
"1010",2037,"#C3D5F0"
"1011",1474,"#3F87A4"
"1012",809,"#CC57C4"
"1013",2527,"#D3DC37"
"1014",985,"#C4D9D5"
"1015",1449,"#F8CB6F"
"1016",1206,"#B87BF0"
"1017",1055,"#F56ADA"
"1018",544,"#AA8693"
"1019",807,"#D0EF9B"
"1020",1683,"#6EEB9B"
"1021",1277,"#BDF3E6"
"1022",377,"#D8D5FB"
"1023",652,"#4C0378"
"1024",321,"#E642F7"
"1025",1751,"#DAC0A3"
"1026",1168,"#D8D5FB"
"1027",644,"#F688D0"
"1028",1797,"#B75D98"
"1029",1182,"#F871AD"
"1030",2067,"#DAB3C3"
"1031",229,"#C6B898"
"1032",868,"#B72B85"
"1033",2142,"#39759C"
"1034",2243,"#8AF985"
"1035",1118,"#F0C0C5"
"1036",762,"#97DDF1"
"1037",2402,"#544BA8"
"1038",1217,"#F38BF1"
"1039",1042,"#FACDAE"
"1040",197,"#7CCAF5"
"1041",313,"#C6DE9F"
"1042",1631,"#DDD2DE"
"1043",2322,"#96EFF3"
"1044",629,"#D2B9F9"
"1045",219,"#D2C0BE"
"1046",1126,"#9FD16A"
"1047",599,"#CDD4E7"
"1048",2156,"#E1557A"
"1049",2285,"#EE3296"
"1050",119,"#9660D9"
"1051",1082,"#CAC1F0"
"1052",1346,"#A6B161"
"1053",2160,"#2C4F73"
"1054",323,"#B1F44E"
"1055",1629,"#CCCE83"
"1056",2065,"#EB2FD3"
"1057",2354,"#7EC93F"
"1058",212,"#B87BF0"
"1059",2174,"#B310C6"
"1060",157,"#8DF9FA"
"1061",1909,"#A4DBBA"
"1062",1140,"#E2FAB0"
"1063",2335,"#806B9C"
"1064",1213,"#F6981E"
"1065",639,"#9B93D6"
"1066",2098,"#A346BC"
"1067",886,"#5EB2C7"
"1068",379,"#A920D6"
"1069",2077,"#C5F891"
"1070",2115,"#B84DA5"
"1071",263,"#91D8F8"
"1072",1996,"#A5D0F0"
"1073",88,"#59ADF8"
"1074",2445,"#E5E6CE"
"1075",1344,"#8C4E9C"
"1076",1587,"#75CDAA"
"1077",978,"#E970D9"
"1078",173,"#CCCE83"
"1079",2211,"#FDA6B0"
"1080",1389,"#8C7EEF"
"1081",671,"#86C4DD"
"1082",2439,"#F6FCE9"
"1083",93,"#A9BEDC"
"1084",320,"#CE8E6E"
"1085",1825,"#A4DBBA"
"1086",974,"#856C8D"
"1087",2514,"#D2F457"
"1088",1350,"#DD8562"
"1089",1083,"#6FD1E5"
"1090",2112,"#889838"
"1091",419,"#2ED1F2"
"1092",1849,"#DFA8A2"
"1093",255,"#D22C92"
"1094",319,"#889838"
"1095",1056,"#64F5E9"
"1096",892,"#6DB9E0"
"1097",98,"#E699D8"
"1098",1074,"#70E3DC"
"1099",975,"#8DC9B7"
"1100",1701,"#F8CB6F"
"1101",704,"#66FBC3"
"1102",1755,"#DEE896"
"1103",371,"#F8EFE7"
"1104",234,"#EB2B6B"
"1105",292,"#DFF9E9"
"1106",2420,"#C3D5F0"
"1107",2606,"#A3B0AB"
"1108",921,"#806B9C"
"1109",2504,"#EE3296"
"1110",282,"#DBBDDC"
"1111",960,"#B2D99B"
"1112",1982,"#BD8FAB"
"1113",316,"#49C194"
"1114",2062,"#F08A3A"
"1115",1600,"#B9A85D"
"1116",2418,"#F6CBC8"
"1117",2178,"#9DE2B5"
"1118",1208,"#F6CBC8"
"1119",1735,"#EE8684"
"1120",1965,"#B589FC"
"1121",1890,"#ECD266"
"1122",181,"#08FBDB"
"1123",776,"#E642F7"
"1124",1114,"#ECD4B0"
"1125",1718,"#DDD2DE"
"1126",1540,"#BBDAF9"
"1127",123,"#4E85CB"
"1128",1038,"#33AF99"
"1129",958,"#73D2F1"
"1130",1305,"#96EFF3"
"1131",2477,"#33E5E2"
"1132",1292,"#70E3DC"
"1133",871,"#B589FC"
"1134",1880,"#CF19F4"
"1135",1893,"#5EF02E"
"1136",1900,"#A47044"
"1137",2375,"#A3AFD9"
"1138",41,"#E2E1F9"
"1139",247,"#FBA3F4"
"1140",2521,"#25F83A"
"1141",628,"#A6E523"
"1142",305,"#F241AF"
"1143",1452,"#7B9BE6"
"1144",584,"#6FD1E5"
"1145",113,"#4FF277"
"1146",2438,"#70B3FE"
"1147",1063,"#F1EC9B"
"1148",378,"#34BD3C"
"1149",2292,"#D9BB74"
"1150",1731,"#82B690"
"1151",2571,"#C4C990"
"1152",740,"#F6D7A3"
"1153",772,"#E970D9"
"1154",955,"#73AED9"
"1155",2158,"#52653C"
"1156",987,"#3FEEAD"
"1157",1044,"#CA9C4F"
"1158",1553,"#D2F457"
"1159",1410,"#DAAD6C"
"1160",1761,"#759BCB"
"1161",2344,"#73AED9"
"1162",1860,"#F8EFE7"
"1163",1694,"#EDCCBE"
"1164",1827,"#ED8B9B"
"1165",1753,"#F8EFE7"
"1166",2394,"#C695CA"
"1167",445,"#C043F8"
"1168",274,"#A47044"
"1169",519,"#E699D8"
"1170",291,"#08FBDB"
"1171",635,"#A7F9B2"
"1172",1573,"#8408C6"
"1173",895,"#75EC6C"
"1174",329,"#D799F7"
"1175",389,"#806B9C"
"1176",727,"#3D80E9"
"1177",713,"#EE3296"
"1178",451,"#9AF2E7"
"1179",1148,"#6EB3BA"
"1180",1048,"#4B7014"
"1181",2404,"#DEA5DD"
"1182",813,"#50BFC8"
"1183",56,"#86C4DD"
"1184",23,"#0919A7"
"1185",1437,"#E642F7"
"1186",1984,"#D15D97"
"1187",1499,"#8DC9B7"
"1188",42,"#7D13F7"
"1189",1256,"#4C0378"
"1190",694,"#73A591"
"1191",2602,"#A4B3ED"
"1192",1237,"#F241AF"
"1193",1076,"#701E9F"
"1194",2559,"#BE867F"
"1195",183,"#D0EF9B"
"1196",621,"#66FBC3"
"1197",759,"#CBF1D4"
"1198",268,"#EED6CE"
"1199",653,"#E699D8"
"1200",1219,"#AF34C7"
"1201",2501,"#E5E6CE"
"1202",2463,"#D899C0"
"1203",76,"#93BCD4"
"1204",1869,"#D784F0"
"1205",1903,"#3FD4B8"
"1206",849,"#E6DC7C"
"1207",1340,"#BFD070"
"1208",1782,"#ED7DD7"
"1209",1636,"#9660D9"
"1210",638,"#BDC3BB"
"1211",606,"#D5B9AB"
"1212",303,"#E699D8"
"1213",867,"#208CDC"
"1214",1319,"#71EBB0"
"1215",2525,"#B0CB86"
"1216",1898,"#6EB3BA"
"1217",109,"#E3F495"
"1218",650,"#C0F3D0"
"1219",2038,"#33AF99"
"1220",748,"#6DB9E0"
"1221",1064,"#81DDDB"
"1222",1640,"#25F83A"
"1223",986,"#B0E0F4"
"1224",202,"#9AF2E7"
"1225",920,"#33B214"
"1226",2435,"#A06682"
"1227",1465,"#B84DA5"
"1228",142,"#4BCBC8"
"1229",1599,"#BAFCFA"
"1230",1562,"#EDCCBE"
"1231",1925,"#E7D9CA"
"1232",1836,"#DBBDDC"
"1233",562,"#E4C7F8"
"1234",1090,"#9DB7BB"
"1235",495,"#701E9F"
"1236",543,"#73F2CE"
"1237",1689,"#D118E0"
"1238",1829,"#59ADF8"
"1239",1828,"#785AF6"
"1240",1154,"#F08A3A"
"1241",1550,"#D784F0"
"1242",417,"#F794EF"
"1243",1167,"#B06CD1"
"1244",2605,"#FBA3F4"
"1245",2423,"#E64256"
"1246",1489,"#E5E6CE"
"1247",1919,"#F2DEA2"
"1248",408,"#8C4E9C"
"1249",830,"#D7F1AF"
"1250",117,"#25F83A"
"1251",933,"#EB8AC0"
"1252",1116,"#886B56"
"1253",356,"#5EB2C7"
"1254",1097,"#2FDBF2"
"1255",2503,"#8DA285"
"1256",999,"#806B9C"
"1257",1296,"#ECD266"
"1258",38,"#E5E6CE"
"1259",1666,"#A5A2F4"
"1260",1491,"#D645DE"
"1261",782,"#CE8E6E"
"1262",1894,"#992F24"
"1263",2074,"#4B7014"
"1264",2361,"#A8CCCE"
"1265",1532,"#3F87A4"
"1266",1052,"#08FBDB"
"1267",780,"#CAC89E"
"1268",844,"#ED7DD7"
"1269",468,"#AF34C7"
"1270",1638,"#D799F7"
"1271",1306,"#83A3B5"
"1272",1339,"#B33376"
"1273",457,"#4B7014"
"1274",1767,"#D118E0"
"1275",1700,"#4FF277"
"1276",1582,"#5A6CE5"
"1277",581,"#6392B2"
"1278",1512,"#F855DF"
"1279",725,"#BE867F"
"1280",149,"#B9A85D"
"1281",1535,"#C08736"
"1282",2383,"#A5D0F0"
"1283",698,"#FD0CBD"
"1284",2319,"#E7D9CA"
"1285",1434,"#4A8E45"
"1286",1707,"#CE2178"
"1287",2070,"#4BCBC8"
"1288",518,"#4EF1F6"
"1289",1780,"#CCCE83"
"1290",1947,"#CDDEAD"
"1291",853,"#992F24"
"1292",2173,"#ACBAA2"
"1293",554,"#EA5FEF"
"1294",422,"#4EF1F6"
"1295",1646,"#67F3DB"
"1296",409,"#0919A7"
"1297",1330,"#33B214"
"1298",1341,"#E9ECF9"
"1299",1321,"#B384C7"
"1300",1023,"#F8E17F"
"1301",2406,"#299170"
"1302",2230,"#A8EAF7"
"1303",689,"#76A929"
"1304",273,"#F855DF"
"1305",2341,"#39759C"
"1306",1870,"#D7D17B"
"1307",1787,"#D0EF9B"
"1308",1579,"#9B93D6"
"1309",2279,"#208CDC"
"1310",1516,"#51FA59"
"1311",1071,"#BBA78A"
"1312",1381,"#33E5E2"
"1313",1816,"#4A8E45"
"1314",2289,"#FACDAE"
"1315",464,"#74F94F"
"1316",343,"#71856E"
"1317",477,"#7D13F7"
"1318",2307,"#FAEAF7"
"1319",668,"#7584C1"
"1320",2247,"#88ACCE"
"1321",548,"#7CE073"
"1322",1597,"#DCF776"
"1323",737,"#ABF317"
"1324",2370,"#C76785"
"1325",661,"#D15D97"
"1326",1783,"#FABDE1"
"1327",1823,"#959EC4"
"1328",869,"#8DF9FA"
"1329",1884,"#ECD266"
"1330",2100,"#71856E"
"1331",1846,"#959EC4"
"1332",60,"#EA6D66"
"1333",2482,"#33E5E2"
"1334",861,"#DAAD6C"
"1335",679,"#C08736"
"1336",1371,"#F241AF"
"1337",2005,"#EFF038"
"1338",454,"#C373B7"
"1339",1997,"#BDA616"
"1340",1451,"#CAC1F0"
"1341",2399,"#D9BB74"
"1342",1100,"#4E85CB"
"1343",1736,"#46F2A1"
"1344",1198,"#F49ABA"
"1345",952,"#50BFC8"
"1346",129,"#E5E6CE"
"1347",1757,"#EDA7FD"
"1348",286,"#2860A1"
"1349",1160,"#85E4B2"
"1350",1077,"#889838"
"1351",695,"#5EF02E"
"1352",2019,"#B0CB86"
"1353",1028,"#A2A4B5"
"1354",936,"#E2E1F9"
"1355",1594,"#F871AD"
"1356",1368,"#F2A8F0"
"1357",894,"#B0E0F4"
"1358",1,"#9B93D6"
"1359",552,"#EDCCBE"
"1360",838,"#56AE2E"
"1361",1025,"#C3EF31"
"1362",2601,"#BB9EDC"
"1363",449,"#7032F7"
"1364",847,"#959EC4"
"1365",1258,"#CAC1F0"
"1366",1723,"#D9BB74"
"1367",2469,"#D5B9AB"
"1368",1993,"#77E5C1"
"1369",2495,"#EFF038"
"1370",1611,"#920BDF"
"1371",2479,"#999BF8"
"1372",949,"#8DC9B7"
"1373",2557,"#CBF1D4"
"1374",1425,"#9BD8A1"
"1375",688,"#C043F8"
"1376",395,"#EABA86"
"1377",1407,"#208CDC"
"1378",1280,"#AAC8FC"
"1379",283,"#80747B"
"1380",1615,"#B1F44E"
"1381",1958,"#F787BC"
"1382",760,"#C0F3D0"
"1383",822,"#CD87B1"
"1384",877,"#5A6CE5"
"1385",575,"#7D13F7"
"1386",1711,"#6FD1E5"
"1387",2567,"#81DDDB"
"1388",1022,"#CDEAC7"
"1389",194,"#D118E0"
"1390",577,"#F17D9B"
"1391",777,"#72A151"
"1392",2467,"#F0E9A5"
"1393",424,"#EBED74"
"1394",2377,"#ED98FA"
"1395",2028,"#B7D0DE"
"1396",923,"#A1982F"
"1397",1320,"#4A8E45"
"1398",655,"#3197FB"
"1399",265,"#BEC2EB"
"1400",1191,"#AAC8FC"
"1401",1432,"#D2C0BE"
"1402",1872,"#E3F495"
"1403",281,"#A346BC"
"1404",2134,"#C043F8"
"1405",1852,"#F794EF"
"1406",339,"#A06682"
"1407",1859,"#7C345C"
"1408",1521,"#9BF6BF"
"1409",834,"#D449A2"
"1410",879,"#A06682"
"1411",2398,"#38F767"
"1412",1014,"#E5969B"
"1413",1590,"#CE2178"
"1414",596,"#ACBAA2"
"1415",1696,"#85E4B2"
"1416",1966,"#FCBB1C"
"1417",1329,"#F0E9A5"
"1418",610,"#701E9F"
"1419",1068,"#B87BF0"
"1420",1505,"#EA6EF0"
"1421",683,"#EB2FD3"
"1422",1746,"#86C4DD"
"1423",152,"#C6B8EF"
"1424",711,"#6EB3BA"
"1425",1284,"#D6B4E7"
"1426",1692,"#E970D9"
"1427",1963,"#FACDAE"
"1428",2042,"#C6B8EF"
"1429",1655,"#8BB0F3"
"1430",730,"#785AF6"
"1431",2490,"#34BD3C"
"1432",1677,"#59ADF8"
"1433",1508,"#7D7A91"
"1434",722,"#F6FCE9"
"1435",1538,"#ABF317"
"1436",2607,"#37286B"
"1437",2137,"#F8E17F"
"1438",1747,"#D5CC42"
"1439",1928,"#E4C7F8"
"1440",2513,"#B3A1D7"
"1441",972,"#53F48E"
"1442",1408,"#7CCAF5"
"1443",1173,"#D215A4"
"1444",2608,"#E2E6AD"
"1445",1712,"#AF34C7"
"1446",198,"#DD3FAE"
"1447",1915,"#E2E1F9"
"1448",1391,"#6D8BF3"
"1449",1421,"#A35DF6"
"1450",177,"#8DA285"
"1451",1317,"#EE3296"
"1452",1151,"#72A151"
"1453",480,"#F6981E"
"1454",493,"#53AEEC"
"1455",2263,"#958CBC"
"1456",2024,"#4BA2D1"
"1457",2314,"#A5E467"
"1458",2205,"#9490F9"
"1459",1399,"#21D022"
"1460",2021,"#CD87B1"
"1461",747,"#FAEAF7"
"1462",2102,"#83A3B5"
"1463",1429,"#F9AB56"
"1464",325,"#8573B2"
"1465",691,"#E5E5E8"
"1466",1794,"#CD87B1"
"1467",1039,"#9289E9"
"1468",1970,"#FACDAE"
"1469",2325,"#B8C4F9"
"1470",1740,"#AF34C7"
"1471",2493,"#C8C3AD"
"1472",499,"#D9ACF4"
"1473",1564,"#A6E523"
"1474",1738,"#B7EE98"
"1475",1442,"#CD90D2"
"1476",1702,"#4BCBC8"
"1477",1530,"#D561AB"
"1478",579,"#DAAD6C"
"1479",435,"#EA6EF0"
"1480",656,"#B7EE98"
"1481",2167,"#A18E4A"
"1482",2276,"#D215A4"
"1483",1595,"#A373A1"
"1484",1552,"#AAC8FC"
"1485",2397,"#2ED1F2"
"1486",1556,"#63C552"
"1487",529,"#A438EA"
"1488",2437,"#D215A4"
"1489",1804,"#A692AD"
"1490",535,"#EDF93D"
"1491",1293,"#EE3296"
"1492",1223,"#E5E6CE"
"1493",2059,"#ECDFAE"
"1494",2114,"#A38A6E"
"1495",72,"#2F9AD9"
"1496",814,"#EB8AC0"
"1497",1781,"#4EB764"
"1498",270,"#B4CB9E"
"1499",864,"#C4D7B5"
"1500",2248,"#D3DC37"
"1501",1577,"#E9B9DC"
"1502",2516,"#3CD46D"
"1503",1912,"#ED7DD7"
"1504",2096,"#2860A1"
"1505",2014,"#BDC3BB"
"1506",1728,"#B7D0DE"
"1507",557,"#EB2B6B"
"1508",1939,"#6D8BF3"
"1509",715,"#EAC886"
"1510",789,"#EB2FD3"
"1511",57,"#8DC9B7"
"1512",59,"#BB998F"
"1513",460,"#BD484B"
"1514",2366,"#DFFAD3"
"1515",94,"#71EBB0"
"1516",846,"#C76785"
"1517",1853,"#91D8F8"
"1518",998,"#D1F3BF"
"1519",432,"#F89B8C"
"1520",2015,"#73A591"
"1521",2555,"#B7EE98"
"1522",2192,"#2FDBF2"
"1523",2072,"#4C0378"
"1524",962,"#EED6CE"
"1525",1938,"#E2E6AD"
"1526",330,"#3D80E9"
"1527",1455,"#FB4BF6"
"1528",1369,"#9DE2B5"
"1529",2546,"#A47044"
"1530",1212,"#7CE073"
"1531",2274,"#D2B9F9"
"1532",1520,"#785AF6"
"1533",1830,"#CAF7CC"
"1534",525,"#9DFB9C"
"1535",2187,"#3FEEAD"
"1536",162,"#79DAE8"
"1537",1977,"#6392B2"
"1538",69,"#CEA9C7"
"1539",159,"#20E5F6"
"1540",257,"#52ADAB"
"1541",1242,"#D8D5FB"
"1542",2003,"#66FBC3"
"1543",1441,"#E5E5E8"
"1544",354,"#8DA285"
"1545",1203,"#EB4BC1"
"1546",228,"#959890"
"1547",1624,"#70E3DC"
"1548",448,"#8BB0F3"
"1549",674,"#C6DE9F"
"1550",2576,"#0919A7"
"1551",2350,"#85E4B2"
"1552",231,"#F0A6D4"
"1553",2528,"#BDA616"
"1554",1697,"#DFA8A2"
"1555",2135,"#806B9C"
"1556",1613,"#B2D99B"
"1557",1961,"#C8C3AD"
"1558",2092,"#E6A3BD"
"1559",1187,"#9FD16A"
"1560",1973,"#9BA477"
"1561",1560,"#EB2FD3"
"1562",241,"#9B93D6"
"1563",462,"#D6887B"
"1564",1133,"#2F9AD9"
"1565",2060,"#EE3296"
"1566",1085,"#D19E70"
"1567",1456,"#F794EF"
"1568",1630,"#8C7EEF"
"1569",2410,"#33E5E2"
"1570",2431,"#9AF2E7"
"1571",734,"#DCF776"
"1572",120,"#82B690"
"1573",994,"#9BD8A1"
"1574",1862,"#29A0B8"
"1575",1070,"#C81F30"
"1576",252,"#4FBBEF"
"1577",455,"#D19E70"
"1578",298,"#958CBC"
"1579",1904,"#EB2B6B"
"1580",1819,"#9DFB9C"
"1581",2566,"#D118E0"
"1582",2512,"#91D8F8"
"1583",1414,"#8BB0F3"
"1584",2405,"#FC24FE"
"1585",741,"#B4CB9E"
"1586",1821,"#7A8A87"
"1587",940,"#38F767"
"1588",2147,"#AA635D"
"1589",2548,"#D88BE0"
"1590",1867,"#D3B387"
"1591",1169,"#2CE2CE"
"1592",2250,"#ACBAA2"
"1593",146,"#C2CDC0"
"1594",1380,"#8DA285"
"1595",1007,"#75EC6C"
"1596",1969,"#6AAA3C"
"1597",1067,"#9BD8A1"
"1598",770,"#68F6CE"
"1599",345,"#A5A2F4"
"1600",2281,"#73D593"
"1601",1096,"#A3B0AB"
"1602",1229,"#71EBB0"
"1603",1447,"#F0E955"
"1604",349,"#CE8E6E"
"1605",2009,"#208CDC"
"1606",1565,"#1CA8ED"
"1607",1268,"#6FD1E5"
"1608",2558,"#FABDE1"
"1609",2440,"#E2E1F9"
"1610",84,"#BDA616"
"1611",2428,"#4A8E45"
"1612",646,"#ABF317"
"1613",654,"#4B7014"
"1614",870,"#9B93D6"
"1615",1922,"#B4CB9E"
"1616",2306,"#A18E4A"
"1617",1690,"#F6981E"
"1618",110,"#F8EFE7"
"1619",2476,"#50BFC8"
"1620",474,"#E970D9"
"1621",938,"#A1982F"
"1622",128,"#F871AD"
"1623",2384,"#4FF277"
"1624",2265,"#91D8F8"
"1625",769,"#FB4BF6"
"1626",414,"#A9BEDC"
"1627",2494,"#BFD070"
"1628",2025,"#FCB6CB"
"1629",2303,"#B1F44E"
"1630",2113,"#9AF2E7"
"1631",213,"#56AE2E"
"1632",1612,"#EED6CE"
"1633",1066,"#BD8FAB"
"1634",361,"#70E3DC"
"1635",1525,"#544BA8"
"1636",1011,"#D5CC42"
"1637",845,"#EED6CE"
"1638",1050,"#EB8153"
"1639",2442,"#E0C8DA"
"1640",27,"#4E64F0"
"1641",700,"#A920D6"
"1642",2368,"#FDDC16"
"1643",937,"#93BCD4"
"1644",515,"#4A8E45"
"1645",1857,"#83A3B5"
"1646",1932,"#39759C"
"1647",1353,"#F8CB6F"
"1648",604,"#4E85CB"
"1649",1145,"#EB8AC0"
"1650",1112,"#FBE93E"
"1651",2207,"#48727F"
"1652",2183,"#70B3FE"
"1653",1795,"#E642F7"
"1654",1684,"#A920D6"
"1655",863,"#A4D842"
"1656",143,"#6D96DD"
"1657",1372,"#856C8D"
"1658",2284,"#F0A6D4"
"1659",927,"#75CDAA"
"1660",2286,"#D6CF9D"
"1661",87,"#EAC886"
"1662",1951,"#EA6EF0"
"1663",1567,"#66FBC3"
"1664",2119,"#FCB89B"
"1665",714,"#A920D6"
"1666",881,"#76E9D7"
"1667",1333,"#F56ADA"
"1668",17,"#D0EF9B"
"1669",341,"#47EFBB"
"1670",2,"#F855DF"
"1671",2300,"#F2A8F0"
"1672",85,"#A6F2D5"
"1673",829,"#CBF1D4"
"1674",2180,"#E2E6AD"
"1675",2278,"#EE8684"
"1676",2068,"#7032F7"
"1677",148,"#D7D17B"
"1678",100,"#88ACCE"
"1679",1390,"#D19E70"
"1680",609,"#BD484B"
"1681",2050,"#4EB764"
"1682",1745,"#FAEAF7"
"1683",512,"#B9A85D"
"1684",2155,"#85E4B2"
"1685",2392,"#299170"
"1686",175,"#A18E4A"
"1687",1929,"#5EF02E"
"1688",1134,"#EBED74"
"1689",1822,"#986BC7"
"1690",969,"#C08736"
"1691",1495,"#F9F9B6"
"1692",1069,"#B38DDF"
"1693",2291,"#E6DC7C"
"1694",136,"#73D593"
"1695",1253,"#70E3DC"
"1696",1865,"#759BCB"
"1697",1667,"#A346BC"
"1698",876,"#C650CA"
"1699",1933,"#920BDF"
"1700",185,"#F0E955"
"1701",2298,"#C373B7"
"1702",2389,"#5D4A5D"
"1703",1345,"#A3AFD9"
"1704",2343,"#FDA6B0"
"1705",510,"#B33376"
"1706",1659,"#A7F9B2"
"1707",2313,"#7EC93F"
"1708",2091,"#4C0378"
"1709",1891,"#B1AACC"
"1710",1428,"#B0E0F4"
"1711",40,"#D6887B"
"1712",215,"#79DAE8"
"1713",1058,"#886B56"
"1714",386,"#F1BE93"
"1715",796,"#A346BC"
"1716",71,"#9DFB9C"
"1717",521,"#959890"
"1718",2591,"#B84DA5"
"1719",1644,"#E642F7"
"1720",2518,"#F4283F"
"1721",297,"#EED07E"
"1722",1488,"#A8F97E"
"1723",1547,"#D2A083"
"1724",1307,"#33B214"
"1725",70,"#B86ABE"
"1726",705,"#B1E2E7"
"1727",1962,"#F0E955"
"1728",124,"#785AF6"
"1729",913,"#E4C7F8"
"1730",2457,"#B2F6C4"
"1731",1438,"#EE8684"
"1732",37,"#EE8684"
"1733",719,"#B384C7"
"1734",2251,"#DAAD6C"
"1735",153,"#CFEC7E"
"1736",1861,"#C0F3D0"
"1737",631,"#CF19F4"
"1738",306,"#81ED33"
"1739",1243,"#9FE880"
"1740",665,"#B1F44E"
"1741",898,"#CD87B1"
"1742",1606,"#B1E2E7"
"1743",729,"#A18E4A"
"1744",2218,"#A0FB3D"
"1745",2030,"#D3DC37"
"1746",1020,"#D19AAC"
"1747",1496,"#E9B9DC"
"1748",1257,"#ECDFAE"
"1749",2107,"#8DE6F6"
"1750",1475,"#71856E"
"1751",2256,"#BBDAF9"
"1752",708,"#56AE2E"
"1753",223,"#A3A3DB"
"1754",1497,"#BFD070"
"1755",2012,"#B9DCDB"
"1756",1665,"#D1F3BF"
"1757",2472,"#91BEBE"
"1758",2140,"#49C194"
"1759",1742,"#CA9C4F"
"1760",1634,"#F9AB56"
"1761",232,"#9BA477"
"1762",2326,"#B3A1D7"
"1763",1557,"#C8C3AD"
"1764",2159,"#CDD4E7"
"1765",684,"#BB9EDC"
"1766",1715,"#53F48E"
"1767",2356,"#F0E9A5"
"1768",2168,"#CDDEAD"
"1769",1196,"#DAAD6C"
"1770",1259,"#B232AC"
"1771",1207,"#34BD3C"
"1772",2444,"#7D7A91"
"1773",1596,"#52653C"
"1774",2061,"#B72B85"
"1775",1876,"#75CDAA"
"1776",2464,"#D3BA18"
"1777",467,"#F85BA2"
"1778",1254,"#C4D7B5"
"1779",773,"#C58C14"
"1780",2568,"#575182"
"1781",1542,"#5A6CE5"
"1782",1289,"#D9BB74"
"1783",382,"#9FD16A"
"1784",1178,"#83A3B5"
"1785",546,"#EB4BC1"
"1786",851,"#5EB9D7"
"1787",754,"#F787BC"
"1788",2580,"#4BA2D1"
"1789",1578,"#34BD3C"
"1790",1485,"#A38A6E"
"1791",988,"#52653C"
"1792",2331,"#70B3FE"
"1793",887,"#DFFAD3"
"1794",823,"#B384C7"
"1795",1388,"#F6FCE9"
"1796",1703,"#A3B0AB"
"1797",1543,"#DBBDDC"
"1798",1976,"#ABF317"
"1799",680,"#F8EFE7"
"1800",1798,"#E4B866"
"1801",442,"#BBA78A"
"1802",523,"#A1982F"
"1803",1480,"#8573B2"
"1804",778,"#BFC8CF"
"1805",178,"#75CDAA"
"1806",1335,"#A920D6"
"1807",709,"#CE8E6E"
"1808",387,"#70B3FE"
"1809",372,"#EDC443"
"1810",979,"#73F2CE"
"1811",2422,"#DFA8A2"
"1812",405,"#DAC0A3"
"1813",1270,"#7A8A87"
"1814",2017,"#7DF8F4"
"1815",1101,"#299170"
"1816",1586,"#A4E7E4"
"1817",1361,"#BBDAF9"
"1818",428,"#D1F3BF"
"1819",2229,"#C650CA"
"1820",206,"#80747B"
"1821",2078,"#F56ADA"
"1822",289,"#68F6CE"
"1823",8,"#BB9EDC"
"1824",1443,"#CE2178"
"1825",1405,"#D9BB74"
"1826",81,"#FA3887"
"1827",287,"#7C345C"
"1828",2202,"#D799F7"
"1829",25,"#DFA8A2"
"1830",1387,"#A2A4B5"
"1831",1195,"#E4C7F8"
"1832",2484,"#9DB7BB"
"1833",2118,"#B38DDF"
"1834",1555,"#E2E1F9"
"1835",2470,"#B4CB9E"
"1836",2000,"#7D4281"
"1837",1877,"#D799F7"
"1838",1621,"#F1BE93"
"1839",492,"#C4D9D5"
"1840",1274,"#95FCDF"
"1841",2531,"#2860A1"
"1842",1227,"#D6B4E7"
"1843",458,"#A8F97E"
"1844",1005,"#8DC9B7"
"1845",254,"#6D8BF3"
"1846",2093,"#4BA2D1"
"1847",899,"#F4283F"
"1848",1356,"#C0ACC3"
"1849",862,"#CAF7CC"
"1850",1632,"#D799F7"
"1851",1395,"#81ED33"
"1852",353,"#D784F0"
"1853",2369,"#D55A39"
"1854",783,"#F7A464"
"1855",791,"#CDEAC7"
"1856",818,"#EFBF54"
"1857",209,"#EABA86"
"1858",447,"#E5F9DF"
"1859",901,"#C76785"
"1860",1602,"#B1E2E7"
"1861",1378,"#9AF2E7"
"1862",1826,"#D8F4C3"
"1863",327,"#CF19F4"
"1864",1241,"#E2E6AD"
"1865",1724,"#66FBC3"
"1866",1287,"#4FE9D9"
"1867",2148,"#F2A8F0"
"1868",2429,"#CD87B1"
"1869",463,"#C5F891"
"1870",48,"#F17D9B"
"1871",1322,"#59ADF8"
"1872",981,"#A0FB3D"
"1873",1921,"#52ADAB"
"1874",2589,"#6DB9E0"
"1875",141,"#F56ADA"
"1876",2443,"#2C4F73"
"1877",2130,"#C0F2B8"
"1878",622,"#3DDBAA"
"1879",1589,"#9AF2E7"
"1880",4,"#A3B0AB"
"1881",2334,"#25F83A"
"1882",686,"#5981FC"
"1883",909,"#B4CB9E"
"1884",593,"#B5A672"
"1885",837,"#E9B9DC"
"1886",948,"#ECD4B0"
"1887",1458,"#34BD3C"
"1888",118,"#7B9BE6"
"1889",1150,"#C043F8"
"1890",2376,"#8C7EEF"
"1891",61,"#ED64BF"
"1892",55,"#44A1E9"
"1893",2594,"#74F94F"
"1894",1328,"#E0C8DA"
"1895",1991,"#EDA7FD"
"1896",916,"#3FEEAD"
"1897",1948,"#8DF9FA"
"1898",1177,"#D2C0BE"
"1899",2510,"#68F6CE"
"1900",2087,"#920BDF"
"1901",2188,"#52ADAB"
"1902",1313,"#D6CF9D"
"1903",2266,"#9FD16A"
"1904",373,"#CEA9C7"
"1905",787,"#C0F3D0"
"1906",1484,"#A3A3DB"
"1907",2031,"#3CD46D"
"1908",1710,"#EA5FEF"
"1909",413,"#B7EE98"
"1910",819,"#4BA2D1"
"1911",506,"#B9DCDB"
"1912",258,"#D6C689"
"1913",441,"#B87BF0"
"1914",415,"#E699D8"
"1915",1675,"#EDF93D"
"1916",1763,"#77BCF6"
"1917",53,"#CDEAC7"
"1918",690,"#C6F5AB"
"1919",336,"#CAA5F8"
"1920",19,"#79DAE8"
"1921",607,"#BB9EDC"
"1922",1439,"#AA635D"
"1923",1534,"#77E5C1"
"1924",1263,"#785AF6"
"1925",2255,"#C3D5F0"
"1926",1879,"#CDDEAD"
"1927",1255,"#EB4BC1"
"1928",369,"#F9F9B6"
"1929",2462,"#F6981E"
"1930",338,"#A6B161"
"1931",1916,"#F688D0"
"1932",238,"#F6D7A3"
"1933",1685,"#D8F4C3"
"1934",875,"#B7D0DE"
"1935",166,"#D645DE"
"1936",2600,"#6EB3BA"
"1937",43,"#75CDAA"
"1938",2223,"#F241AF"
"1939",96,"#B06CD1"
"1940",407,"#920BDF"
"1941",1142,"#D22C92"
"1942",1840,"#8364F2"
"1943",2299,"#F6CBC8"
"1944",32,"#CAA5F8"
"1945",2052,"#C650CA"
"1946",58,"#F6D7A3"
"1947",2552,"#4D44BA"
"1948",64,"#992F24"
"1949",1637,"#F2A8F0"
"1950",1487,"#FACDAE"
"1951",2581,"#9660D9"
"1952",750,"#F0C0C5"
"1953",2348,"#D3B387"
"1954",2224,"#21D022"
"1955",2357,"#F6BCBB"
"1956",1936,"#F17D9B"
"1957",1264,"#88ACCE"
"1958",2584,"#CDEEEF"
"1959",418,"#73D2F1"
"1960",893,"#D6B4E7"
"1961",29,"#959890"
"1962",1266,"#C58C14"
"1963",2040,"#FAEAF7"
"1964",300,"#A346BC"
"1965",2587,"#FACDAE"
"1966",139,"#E6DC7C"
"1967",2238,"#5981FC"
"1968",2103,"#EB8AC0"
"1969",964,"#50BFC8"
"1970",1110,"#EB8AC0"
"1971",1303,"#947BE7"
"1972",1046,"#CF19F4"
"1973",376,"#ADCDF7"
"1974",1032,"#76A929"
"1975",542,"#A38A6E"
"1976",188,"#F871AD"
"1977",1927,"#299170"
"1978",1098,"#D2B9F9"
"1979",2362,"#C5F891"
"1980",1985,"#FC24FE"
"1981",394,"#C3D5F0"
"1982",2288,"#E5EDA6"
"1983",598,"#BDF3E6"
"1984",817,"#F17D9B"
"1985",2117,"#EEDCE5"
"1986",914,"#95FCDF"
"1987",1501,"#DD8562"
"1988",1848,"#DDD2DE"
"1989",591,"#70E3DC"
"1990",1674,"#E699D8"
"1991",478,"#E3B09A"
"1992",2212,"#A4A3BF"
"1993",1355,"#96EFF3"
"1994",597,"#B310C6"
"1995",613,"#2CE2CE"
"1996",1526,"#B0E0F4"
"1997",259,"#CE2178"
"1998",1141,"#8DC9B7"
"1999",1529,"#E4B866"
"2000",2488,"#B8C4F9"
"2001",28,"#6CAEE0"
"2002",1398,"#A5D0F0"
"2003",2236,"#E3B09A"
"2004",453,"#66DDF8"
"2005",1518,"#D7D17B"
"2006",850,"#B1F44E"
"2007",648,"#F6FCE9"
"2008",2507,"#A0FB3D"
"2009",2108,"#D6C689"
"2010",2141,"#CAF7CC"
"2011",1226,"#F36475"
"2012",2509,"#EABA86"
"2013",1954,"#EB8153"
"2014",350,"#D9ACF4"
"2015",903,"#7C345C"
"2016",1445,"#33B214"
"2017",1147,"#C650CA"
"2018",1788,"#3FD4B8"
"2019",121,"#BDF3E6"
"2020",1332,"#DEEEF6"
"2021",1271,"#DAC0A3"
"2022",170,"#70B3FE"
"2023",1502,"#3CD46D"
"2024",1045,"#D2B9F9"
"2025",500,"#34BD3C"
"2026",2562,"#A4E7E4"
"2027",174,"#6F76BF"
"2028",1325,"#AAC8FC"
"2029",243,"#BB998F"
"2030",555,"#F6E1C8"
"2031",530,"#B3BD27"
"2032",1422,"#91BEBE"
"2033",256,"#CAC1F0"
"2034",1653,"#B1AACC"
"2035",532,"#C373B7"
"2036",1623,"#F56ADA"
"2037",1174,"#9DFB9C"
"2038",1660,"#72A151"
"2039",1120,"#AC84E4"
"2040",806,"#EED6CE"
"2041",907,"#33AF99"
"2042",957,"#5EB9D7"
"2043",1279,"#39F9F1"
"2044",352,"#DBBDDC"
"2045",502,"#EBFAD4"
"2046",2427,"#9DFB9C"
"2047",1370,"#F9F9B6"
"2048",164,"#EED07E"
"2049",828,"#75CDAA"
"2050",191,"#B84DA5"
"2051",1881,"#E8CF88"
"2052",2387,"#D118E0"
"2053",2588,"#F2DEA2"
"2054",1571,"#F85BA2"
"2055",2143,"#53F48E"
"2056",1366,"#C695CA"
"2057",398,"#EFF038"
"2058",765,"#C7D256"
"2059",1671,"#B384C7"
"2060",1561,"#D8D5FB"
"2061",2408,"#EB8AC0"
"2062",2461,"#96E8A1"
"2063",910,"#C8C3AD"
"2064",250,"#D88BE0"
"2065",1999,"#BDA616"
"2066",240,"#F1AFB8"
"2067",1588,"#498FC7"
"2068",167,"#70B3FE"
"2069",280,"#73D593"
"2070",2391,"#ECDFAE"
"2071",127,"#F38BF1"
"2072",1507,"#B38DDF"
"2073",357,"#E6DC7C"
"2074",1043,"#D19AAC"
"2075",2172,"#A47044"
"2076",1230,"#BEC2EB"
"2077",1115,"#38F767"
"2078",824,"#E699D8"
"2079",701,"#B33376"
"2080",2453,"#EABA86"
"2081",2583,"#BB95C1"
"2082",1906,"#7DF8F4"
"2083",1698,"#B0CB86"
"2084",49,"#BAFCFA"
"2085",1444,"#F17D9B"
"2086",1294,"#38BCE7"
"2087",2006,"#EB8AC0"
"2088",1810,"#EFF038"
"2089",1312,"#7DF8F4"
"2090",1986,"#E5E6CE"
"2091",1656,"#EFF038"
"2092",1570,"#A8CCCE"
"2093",158,"#D22C92"
"2094",1514,"#34BD3C"
"2095",452,"#71856E"
"2096",1923,"#96A4E2"
"2097",2239,"#38F767"
"2098",1892,"#ABF317"
"2099",2450,"#52653C"
"2100",21,"#E6A3BD"
"2101",1034,"#D2F457"
"2102",1695,"#F6981E"
"2103",443,"#999BF8"
"2104",1944,"#F6FCE9"
"2105",1875,"#BDC3BB"
"2106",309,"#E6DC7C"
"2107",2153,"#96EFF3"
"2108",312,"#80747B"
"2109",1749,"#EA6EF0"
"2110",1841,"#2860A1"
"2111",2122,"#EFDE61"
"2112",1029,"#E5969B"
"2113",1021,"#4E64F0"
"2114",1617,"#34BD3C"
"2115",2204,"#4FBBEF"
"2116",1352,"#95D283"
"2117",757,"#5EF02E"
"2118",1073,"#C6B6C3"
"2119",355,"#DAC0A3"
"2120",1754,"#BB998F"
"2121",471,"#4BCBC8"
"2122",284,"#785AF6"
"2123",1949,"#9BF6BF"
"2124",1544,"#63C552"
"2125",2213,"#BBDAF9"
"2126",1603,"#E642F7"
"2127",1128,"#B3A1D7"
"2128",2262,"#E7D9CA"
"2129",742,"#920BDF"
"2130",943,"#A5A2F4"
"2131",348,"#6EEB9B"
"2132",1618,"#D9E5DA"
"2133",74,"#8C4E9C"
"2134",2246,"#CDEAC7"
"2135",486,"#CA9C4F"
"2136",1367,"#CC57C4"
"2137",1847,"#B38DDF"
"2138",1336,"#CA9C4F"
"2139",2407,"#B3A1D7"
"2140",1348,"#EDA7FD"
"2141",115,"#C373B7"
"2142",2492,"#B3CFBF"
"2143",1955,"#9BF6BF"
"2144",1842,"#EA5FEF"
"2145",1424,"#DDD2DE"
"2146",1225,"#80747B"
"2147",2020,"#AAC8FC"
"2148",767,"#6D96DD"
"2149",768,"#ACBAA2"
"2150",342,"#EB2FD3"
"2151",1365,"#CDDEAD"
"2152",358,"#575182"
"2153",1768,"#D863F8"
"2154",1500,"#83A3B5"
"2155",1614,"#C0ACC3"
"2156",1392,"#C7D256"
"2157",2346,"#36CF39"
"2158",1109,"#B75D98"
"2159",1214,"#F38BF1"
"2160",75,"#A692AD"
"2161",210,"#8364F2"
"2162",991,"#509299"
"2163",553,"#ACBAA2"
"2164",233,"#91D8F8"
"2165",1236,"#F56ADA"
"2166",1152,"#A18E4A"
"2167",1492,"#759BCB"
"2168",2193,"#767BD8"
"2169",2182,"#BB95C1"
"2170",459,"#D2B9F9"
"2171",812,"#51FA59"
"2172",116,"#7FA8A5"
"2173",2451,"#EDF93D"
"2174",2352,"#EFF038"
"2175",1299,"#B38DDF"
"2176",304,"#E7A26F"
"2177",226,"#D5CC42"
"2178",1457,"#E4C7F8"
"2179",36,"#F49ABA"
"2180",171,"#EBED74"
"2181",1121,"#BAFCFA"
"2182",1515,"#D118E0"
"2183",1314,"#EE8684"
"2184",2390,"#B1BA92"
"2185",490,"#E6DC7C"
"2186",2324,"#509299"
"2187",46,"#FBA3F4"
"2188",1584,"#AA8693"
"2189",1805,"#ADCDF7"
"2190",1835,"#D8F4C3"
"2191",774,"#3F87A4"
"2192",1065,"#958CBC"
"2193",2401,"#D88BE0"
"2194",1016,"#BAFCFA"
"2195",1651,"#4A8E45"
"2196",662,"#D3B387"
"2197",1008,"#F688D0"
"2198",685,"#ED8B9B"
"2199",1193,"#25F83A"
"2200",1971,"#5EF02E"
"2201",344,"#BDC3BB"
"2202",509,"#BB95C1"
"2203",746,"#4FE9D9"
"2204",1479,"#A4A3BF"
"2205",279,"#ECD4B0"
"2206",2538,"#50BFC8"
"2207",699,"#52ADAB"
"2208",2320,"#CFEC7E"
"2209",1978,"#F85BA2"
"2210",2131,"#53F48E"
"2211",1311,"#3DDBAA"
"2212",1635,"#73D593"
"2213",2163,"#4BCBC8"
"2214",1194,"#81ED33"
"2215",1957,"#59ADF8"
"2216",1609,"#D5B9AB"
"2217",15,"#E3F495"
"2218",2088,"#76A929"
"2219",1104,"#2860A1"
"2220",612,"#EFF1BF"
"2221",130,"#759BCB"
"2222",1494,"#EFBF54"
"2223",1015,"#71856E"
"2224",2578,"#BDF3E6"
"2225",2041,"#F0E9A5"
"2226",856,"#C86AF3"
"2227",582,"#F6CBC8"
"2228",1283,"#B84DA5"
"2229",580,"#D9E5DA"
"2230",516,"#F17D9B"
"2231",180,"#C5F891"
"2232",2323,"#BFC8CF"
"2233",384,"#A1982F"
"2234",108,"#BAFCFA"
"2235",51,"#FBA3F4"
"2236",1464,"#E970D9"
"2237",2235,"#D19E70"
"2238",1719,"#36CF39"
"2239",1883,"#20E5F6"
"2240",1642,"#9AF2E7"
"2241",589,"#6DB9E0"
"2242",1013,"#B310C6"
"2243",2013,"#CBF1D4"
"2244",2535,"#BE867F"
"2245",788,"#ECD266"
"2246",1326,"#EBED74"
"2247",1620,"#4FE9D9"
"2248",1359,"#81ED33"
"2249",388,"#F08A3A"
"2250",1094,"#F9F9B6"
"2251",436,"#A35DF6"
"2252",514,"#D449A2"
"2253",848,"#A3A3DB"
"2254",883,"#B9A85D"
"2255",1785,"#A4D842"
"2256",1809,"#F89B8C"
"2257",147,"#7CCAF5"
"2258",2545,"#CCCE83"
"2259",2497,"#E64256"
"2260",2027,"#EED6CE"
"2261",1261,"#886B56"
"2262",1523,"#6CAEE0"
"2263",1080,"#A920D6"
"2264",1972,"#4FBBEF"
"2265",2502,"#5EB2C7"
"2266",2089,"#3FD4B8"
"2267",2426,"#6392B2"
"2268",1858,"#29A0B8"
"2269",2053,"#D6C689"
"2270",165,"#A4B3ED"
"2271",2425,"#E307F9"
"2272",1974,"#4BA2D1"
"2273",918,"#71C9BB"
"2274",299,"#EAC886"
"2275",1186,"#B1AACC"
"2276",902,"#BFD070"
"2277",2184,"#C0F2B8"
"2278",1483,"#B3BD27"
"2279",172,"#BB95C1"
"2280",1760,"#86C4DD"
"2281",1734,"#EA6D66"
"2282",603,"#F688D0"
"2283",368,"#BEC2EB"
"2284",365,"#73A591"
"2285",400,"#6D8BF3"
"2286",583,"#BBA78A"
"2287",2150,"#F1AFB8"
"2288",1342,"#F8CB6F"
"2289",2485,"#EFF1BF"
"2290",1446,"#37286B"
"2291",1717,"#F17D9B"
"2292",854,"#66FBC3"
"2293",2126,"#72A151"
"2294",625,"#E4C7F8"
"2295",1478,"#E6EB8A"
"2296",651,"#BB95C1"
"2297",1265,"#E307F9"
"2298",1210,"#5A6CE5"
"2299",12,"#CEA9C7"
"2300",1935,"#B0CB86"
"2301",126,"#3FD4B8"
"2302",2302,"#E9ECF9"
"2303",2522,"#CD87B1"
"2304",2416,"#544BA8"
"2305",2388,"#4E85CB"
"2306",1102,"#DD3FAE"
"2307",1773,"#A6B161"
"2308",1752,"#DAC0A3"
"2309",2044,"#DD3FAE"
"2310",1290,"#F0A6D4"
"2311",2542,"#E970D9"
"2312",1856,"#D55A39"
"2313",2244,"#EDA7FD"
"2314",2304,"#A346BC"
"2315",1327,"#52653C"
"2316",362,"#BDA616"
"2317",2169,"#A3B0AB"
"2318",2358,"#F6D7A3"
"2319",307,"#3F87A4"
"2320",2144,"#C76785"
"2321",520,"#D1C06E"
"2322",1950,"#8DC9B7"
"2323",585,"#4E64F0"
"2324",2146,"#A18E4A"
"2325",220,"#90D4E0"
"2326",1824,"#B72B85"
"2327",2544,"#52653C"
"2328",551,"#F3BAFB"
"2329",1158,"#CAC89E"
"2330",24,"#33B214"
"2331",2199,"#767BD8"
"2332",1419,"#F2DEA2"
"2333",2109,"#889838"
"2334",497,"#C695CA"
"2335",150,"#7CCAF5"
"2336",80,"#68F6CE"
"2337",2296,"#91BEBE"
"2338",1793,"#FD0CBD"
"2339",1282,"#D2F457"
"2340",2123,"#C58C14"
"2341",2054,"#53F48E"
"2342",882,"#9DB7BB"
"2343",2412,"#8BBC79"
"2344",1183,"#FCB6CB"
"2345",1942,"#52ADAB"
"2346",2433,"#D55A39"
"2347",950,"#3D80E9"
"2348",410,"#4FE9D9"
"2349",808,"#ED98FA"
"2350",1790,"#B2D99B"
"2351",1918,"#6F76BF"
"2352",1454,"#BE867F"
"2353",707,"#83A3B5"
"2354",1968,"#F6CBC8"
"2355",1276,"#33AF99"
"2356",890,"#DDD2DE"
"2357",22,"#D6887B"
"2358",2209,"#C6DD49"
"2359",1417,"#29A0B8"
"2360",472,"#C650CA"
"2361",946,"#D0EF9B"
"2362",390,"#9289E9"
"2363",1506,"#95FCDF"
"2364",1079,"#B4CB9E"
"2365",1031,"#E5E6CE"
"2366",1146,"#BEC2EB"
"2367",545,"#B8C4F9"
"2368",2268,"#A5A2F4"
"2369",995,"#0919A7"
"2370",785,"#BEC2EB"
"2371",2310,"#F241AF"
"2372",534,"#ED8B9B"
"2373",1721,"#FCB89B"
"2374",642,"#F3D9F5"
"2375",753,"#F688D0"
"2376",2217,"#73A591"
"2377",246,"#B1E2E7"
"2378",2556,"#F0C0C5"
"2379",1739,"#C650CA"
"2380",1917,"#6F76BF"
"2381",1576,"#21D022"
"2382",805,"#47EFBB"
"2383",801,"#48727F"
"2384",2360,"#A4DBBA"
"2385",1498,"#E2E1F9"
"2386",105,"#79DAE8"
"2387",997,"#D784F0"
"2388",2550,"#999BF8"
"2389",1649,"#F8E17F"
"2390",485,"#E1557A"
"2391",1202,"#D863F8"
"2392",696,"#C86AF3"
"2393",91,"#6DB9E0"
"2394",1291,"#EABA86"
"2395",2257,"#71EBB0"
"2396",956,"#F1EC9B"
"2397",522,"#29A0B8"
"2398",763,"#B384C7"
"2399",630,"#A7F9B2"
"2400",602,"#958CBC"
"2401",1791,"#76E9D7"
"2402",1741,"#7DF8F4"
"2403",934,"#CAC1F0"
"2404",816,"#FCB6CB"
"2405",2365,"#86C4DD"
"2406",528,"#D561AB"
"2407",1874,"#67F3DB"
"2408",942,"#9DFB9C"
"2409",2316,"#6AAA3C"
"2410",1041,"#DBBDDC"
"2411",1418,"#F241AF"
"2412",1288,"#FCBB1C"
"2413",2585,"#4D44BA"
"2414",1681,"#73D593"
"2415",133,"#CE8E6E"
"2416",2228,"#C6DD49"
"2417",2165,"#C6B8EF"
"2418",1926,"#D15D97"
"2419",205,"#D15D97"
"2420",248,"#38F767"
"2421",122,"#CAA5F8"
"2422",605,"#F8EFE7"
"2423",1737,"#E699D8"
"2424",1541,"#DEE896"
"2425",1605,"#C8C3AD"
"2426",968,"#83A3B5"
"2427",2075,"#A920D6"
"2428",1727,"#544BA8"
"2429",1139,"#9FD16A"
"2430",20,"#D22C92"
"2431",732,"#81DDDB"
"2432",2506,"#FC24FE"
"2433",1509,"#FDA6B0"
"2434",1988,"#C2CDC0"
"2435",912,"#BDF3E6"
"2436",1171,"#4B7014"
"2437",2572,"#889838"
"2438",1420,"#F7C080"
"2439",664,"#8364F2"
"2440",107,"#F9AB56"
"2441",660,"#4E64F0"
"2442",2596,"#E7D9CA"
"2443",1765,"#6D96DD"
"2444",1403,"#9DFB9C"
"2445",932,"#C043F8"
"2446",549,"#2FDBF2"
"2447",302,"#C3EF31"
"2448",825,"#CD87B1"
"2449",200,"#5EB9D7"
"2450",1645,"#F08A3A"
"2451",643,"#FCBB1C"
"2452",47,"#8C7EEF"
"2453",1423,"#96EFF3"
"2454",2455,"#2F9AD9"
"2455",366,"#ED7DD7"
"2456",884,"#47EFBB"
"2457",2449,"#F49ABA"
"2458",10,"#806B9C"
"2459",840,"#9FD16A"
"2460",1680,"#EDC443"
"2461",245,"#B9A85D"
"2462",710,"#F0A6D4"
"2463",466,"#F787BC"
"2464",1156,"#ED7DD7"
"2465",35,"#759BCB"
"2466",756,"#6FD1E5"
"2467",2579,"#F2A8F0"
"2468",277,"#96A4E2"
"2469",786,"#A373A1"
"2470",2171,"#73D593"
"2471",1990,"#E6A3BD"
"2472",1801,"#DFF9E9"
"2473",2415,"#34BD3C"
"2474",242,"#3FD4B8"
"2475",1959,"#2860A1"
"2476",1426,"#FC24FE"
"2477",333,"#E7D9CA"
"2478",421,"#F89B8C"
"2479",2597,"#82B690"
"2480",322,"#A5D0F0"
"2481",2242,"#A5A2F4"
"2482",928,"#759BCB"
"2483",855,"#CE8E6E"
"2484",1838,"#8DF9FA"
"2485",1539,"#992F24"
"2486",1899,"#53AEEC"
"2487",317,"#D8F4C3"
"2488",1682,"#F2A8F0"
"2489",2565,"#DEEEF6"
"2490",1941,"#A346BC"
"2491",1033,"#76A929"
"2492",1472,"#F15215"
"2493",1688,"#CFEC7E"
"2494",222,"#B1E2E7"
"2495",1551,"#F1BE93"
"2496",2007,"#36CF39"
"2497",571,"#FC24FE"
"2498",1931,"#9EB5E3"
"2499",2149,"#544BA8"
"2500",2424,"#9DE2B5"
"2501",2125,"#38BCE7"
"2502",706,"#A3AFD9"
"2503",168,"#FDA6B0"
"2504",735,"#CDE9FB"
"2505",1459,"#2C4F73"
"2506",1035,"#70E3DC"
"2507",2079,"#D2A083"
"2508",1850,"#999BF8"
"2509",1591,"#EE3296"
"2510",332,"#F85BA2"
"2511",2336,"#D2C0BE"
"2512",1026,"#75EC6C"
"2513",1057,"#D55A39"
"2514",2283,"#EBFAD4"
"2515",163,"#96EFF3"
"2516",2271,"#9BD8A1"
"2517",1764,"#F49ABA"
"2518",1992,"#68F6CE"
"2519",403,"#29A0B8"
"2520",2151,"#3344DB"
"2521",475,"#958CBC"
"2522",1843,"#B75D98"
"2523",1228,"#96A4E2"
"2524",2085,"#F871AD"
"2525",2001,"#A8F97E"
"2526",1297,"#5D4A5D"
"2527",570,"#71C9BB"
"2528",2166,"#95D283"
"2529",2157,"#7CE073"
"2530",184,"#BEC2EB"
"2531",1166,"#56ECFB"
"2532",1733,"#B3CFBF"
"2533",380,"#C76785"
"2534",1845,"#E2F8F7"
"2535",2317,"#AA8693"
"2536",1272,"#F6E1C8"
"2537",1054,"#E5969B"
"2538",2260,"#CFEC7E"
"2539",1298,"#ED98FA"
"2540",1863,"#DBBF66"
"2541",2264,"#9289E9"
"2542",391,"#48727F"
"2543",2551,"#B384C7"
"2544",218,"#E307F9"
"2545",924,"#A4A3BF"
"2546",2181,"#DAB3C3"
"2547",996,"#E6DC7C"
"2548",1301,"#F56ADA"
"2549",370,"#FB4BF6"
"2550",1018,"#E5E6CE"
"2551",1716,"#64F5E9"
"2552",1598,"#D9ACF4"
"2553",1157,"#AAC8FC"
"2554",1238,"#2860A1"
"2555",673,"#D8F4C3"
"2556",1172,"#C6B8EF"
"2557",285,"#C6B8EF"
"2558",1232,"#3344DB"
"2559",675,"#D1F3BF"
"2560",2342,"#A4B3ED"
"2561",1406,"#BB998F"
"2562",67,"#C0ACC3"
"2563",2234,"#89BEF2"
"2564",161,"#D2C0BE"
"2565",2208,"#B5A672"
"2566",416,"#48727F"
"2567",2216,"#9AF2E7"
"2568",718,"#6FD1E5"
"2569",833,"#F3BAFB"
"2570",1453,"#FD0CBD"
"2571",984,"#A438EA"
"2572",1427,"#C0F3D0"
"2573",745,"#93BCD4"
"2574",2046,"#BDA616"
"2575",1285,"#B589FC"
"2576",359,"#D55A39"
"2577",731,"#BB9EDC"
"2578",738,"#6FD1E5"
"2579",2421,"#EFF038"
"2580",693,"#208CDC"
"2581",1726,"#6AAA3C"
"2582",311,"#A438EA"
"2583",203,"#50BFC8"
"2584",1839,"#66DDF8"
"2585",52,"#C58C14"
"2586",134,"#9BF6BF"
"2587",2105,"#53F48E"
"2588",476,"#C58C14"
"2589",1051,"#79DAE8"
"2590",1481,"#A373A1"
"2591",537,"#DD8562"
"2592",2269,"#4D44BA"
"2593",224,"#E6EB8A"
"2594",308,"#82B690"
"2595",1088,"#CE8E6E"
"2596",2233,"#EA6EF0"
"2597",2582,"#F38BF1"
"2598",2378,"#ED8B9B"
"2599",264,"#DBBDDC"
"2600",573,"#D2B9F9"
"2601",1092,"#959890"
"2602",2379,"#8DA285"
"2603",1772,"#7D4281"
"2604",1176,"#E5E6CE"
"2605",2175,"#83A3B5"
"2606",2253,"#F56ADA"
"2607",1913,"#F8CB6F"
"2608",1940,"#F8E17F"
